title,company,location,salary,description,requirements
Senior Python Developer,TechCorp,San Francisco,"$120k-150k","Build scalable backend APIs with FastAPI and PostgreSQL. Work on payment processing, real-time data pipelines, and microservices architecture.","Python,FastAPI,PostgreSQL,Docker,AWS"
Full-Stack JavaScript Developer,WebStudio,Remote,"$100k-130k","Develop modern web applications using React, Node.js, and PostgreSQL. Collaborate with designers and backend engineers.","JavaScript,React,Node.js,PostgreSQL,REST APIs"
DevOps Engineer,CloudStart,New York,"$110k-140k","Manage cloud infrastructure, CI/CD pipelines, and containerized applications. Optimize deployments and improve system reliability.","Kubernetes,Docker,AWS,Terraform,Jenkins"
AI/ML Engineer,DataFlow,San Francisco,"$130k-170k","Build machine learning models and pipelines for real-time data processing. Work on recommendation systems and predictive analytics.","Python,TensorFlow,PyTorch,SQL,AWS,Pandas"
Backend Engineer,FinTech Solutions,New York,"$120k-160k","Build APIs and microservices for financial applications. Focus on security, scalability, and real-time transaction processing.","Java,Spring Boot,PostgreSQL,Kafka,AWS"
Frontend Engineer,DesignFlow,Remote,"$110k-150k","Create beautiful, performant React applications. Work closely with designers on UI/UX implementation.","React,TypeScript,Tailwind CSS,Next.js,REST APIs"
Product Manager,StartupXYZ,San Francisco,"$130k-180k","Define product strategy and roadmap. Lead cross-functional teams to launch innovative features.","Product Strategy,Data Analysis,User Research,Roadmapping"
Data Engineer,AnalyticsHub,Boston,"$115k-145k","Design and build data pipelines and data warehouses. Optimize data processing for analytics and machine learning.","Python,SQL,Spark,Airflow,BigQuery"
Security Engineer,CyberSecure,Seattle,"$125k-160k","Build and maintain security infrastructure. Conduct security audits and implement best practices across the organization.","Python,Kubernetes,Linux,Network Security,Compliance"
Quality Assurance Engineer,SoftwareCo,Los Angeles,"$90k-120k","Develop automated testing frameworks and ensure software quality. Collaborate with developers on continuous integration.","Python,JavaScript,Selenium,Jest,CI/CD"
Mobile Developer,AppStudio,Remote,"$110k-140k","Develop iOS and Android applications using React Native. Build cross-platform mobile experiences.","React Native,JavaScript,TypeScript,Swift,Kotlin"
Database Administrator,EnterpriseDB,Chicago,"$105k-135k","Manage and optimize database systems. Ensure data security, backup, and recovery procedures.","PostgreSQL,MySQL,Oracle,Linux,AWS RDS"
Solutions Architect,CloudSolutions,Denver,"$130k-170k","Design cloud solutions for enterprise clients. Work with customers to understand requirements and propose scalable architectures.","AWS,Azure,GCP,System Design,Leadership"
Software Engineer,GreenTech,Portland,"$100k-130k","Build sustainable technology solutions focused on environmental impact. Work with a mission-driven team.","Python,Java,SQL,AWS,Sustainability"
Embedded Systems Engineer,HardwareCo,Austin,"$110k-145k","Develop embedded systems and firmware for IoT devices. Optimize for performance and power efficiency.","C,C++,Assembly,RTOS,ARM"
